,ETB0100,date,time,SHS0100,SRT0100,SDS0100,ARA0100,ADA0100
0,"{'ValueVolt': 14.70342609697396, 'ValueCurr': 19.97997256500788}",2022-07-19,16:01:54.454069,,,,,
1,,2022-07-19,16:01:54.462060,53.050363627357264,,,,
2,,2022-07-19,16:01:54.761310,,24.87688618973065,,,
3,,2022-07-19,16:01:55.170275,,,4.0,,
4,,2022-07-19,16:01:55.179084,,,,OFF,
5,,2022-07-19,16:01:55.634842,,,,,OFF
6,PP,2022-07-19,16:01:56.808407,,,,,
7,"{'ValueVolt': 14.818187805805211, 'ValueCurr': 20.060578265195655}",2022-07-19,16:02:09.457295,,,,,
8,,2022-07-19,16:02:09.464932,58.51589005804956,,,,
9,,2022-07-19,16:02:09.710864,,24.90435641125709,,,
10,,2022-07-19,16:02:10.017378,,,4.937533395600065,,
11,,2022-07-19,16:02:10.120107,,,,OFF,
12,,2022-07-19,16:02:10.426591,,,,,OFF
13,PP,2022-07-19,16:02:12.045015,,,,,
14,"{'ValueVolt': 15.081506444000471, 'ValueCurr': 19.99395591536219}",2022-07-19,16:02:24.450597,,,,,
15,,2022-07-19,16:02:24.458312,60.0,,,,
16,,2022-07-19,16:02:24.762711,,25.8897124611193,,,
17,,2022-07-19,16:02:24.984422,,,5.289894359123279,,
18,,2022-07-19,16:02:25.172365,,,,ON,
19,,2022-07-19,16:02:25.376892,,,,,ON
20,PP,2022-07-19,16:02:27.016649,,,,,
21,,2022-07-19,16:05:45.149511,50.0,,,,
22,"{'ValueVolt': 14.848232611706038, 'ValueCurr': 19.974028734645625}",2022-07-19,16:05:45.435479,,,,,
23,,2022-07-19,16:05:45.442884,,24.930263034650046,,,
24,,2022-07-19,16:05:45.648376,,,5.295170402460607,,
25,,2022-07-19,16:05:45.655757,,24.930263034650046,,,
26,,2022-07-19,16:05:45.857353,,,,OFF,
27,,2022-07-19,16:05:45.868345,,,5.295170402460607,,
28,,2022-07-19,16:05:46.077516,,,,,ON
29,PP,2022-07-19,16:05:47.741607,,,,,
30,,2022-07-19,16:06:00.200577,54.9483574762092,,,,
31,"{'ValueVolt': 15.094762986061808, 'ValueCurr': 19.958211269229803}",2022-07-19,16:06:00.246807,,,,,
32,,2022-07-19,16:06:00.405834,,25.23023627106876,,,
33,,2022-07-19,16:06:00.610630,,25.23023627106876,,,
34,,2022-07-19,16:06:00.618898,,,5.380023592474169,,
35,,2022-07-19,16:06:00.819505,,,,ON,
36,,2022-07-19,16:06:00.830680,,,5.380023592474169,,
37,,2022-07-19,16:06:01.020224,,,,,ON
38,PF,2022-07-19,16:06:02.591411,,,,,
39,,2022-07-19,16:06:15.120877,57.53466099442365,,,,
40,"{'ValueVolt': 15.3943790698203, 'ValueCurr': 20.007630801353688}",2022-07-19,16:06:15.256911,,,,,
41,,2022-07-19,16:06:15.380524,,26.0,,,
42,,2022-07-19,16:06:15.554928,,26.0,,,
43,,2022-07-19,16:06:15.594506,,,4.653196998425583,,
44,,2022-07-19,16:06:15.857321,,,,ON,
45,,2022-07-19,16:06:15.868504,,,4.653196998425583,,
46,,2022-07-19,16:06:16.072287,,,,,OFF
47,PP,2022-07-19,16:06:17.791555,,,,,
48,,2022-07-19,16:06:30.209319,60.0,,,,
49,"{'ValueVolt': 15.200583390246427, 'ValueCurr': 19.942238193073226}",2022-07-19,16:06:30.304788,,,,,
50,,2022-07-19,16:06:30.406988,,26.0,,,
51,,2022-07-19,16:06:30.581366,,26.0,,,
52,,2022-07-19,16:06:30.592355,,,4.92670059673406,,
53,,2022-07-19,16:06:30.801890,,,4.92670059673406,,
54,,2022-07-19,16:06:30.810187,,,,ON,
55,,2022-07-19,16:06:31.024954,,,,,OFF
56,FP,2022-07-19,16:06:33.049961,,,,,
57,,2022-07-19,16:06:45.121173,56.31572732236248,,,,
58,"{'ValueVolt': 14.886621993521945, 'ValueCurr': 20.069111958027996}",2022-07-19,16:06:45.295084,,,,,
59,,2022-07-19,16:06:45.381067,,25.0095213133518,,,
60,,2022-07-19,16:06:45.556642,,25.0095213133518,,,
61,,2022-07-19,16:06:45.593506,,,5.625487473410625,,
62,,2022-07-19,16:06:45.802769,,,,ON,
63,,2022-07-19,16:06:45.811113,,,5.625487473410625,,
64,,2022-07-19,16:06:46.073144,,,,,ON
65,"{'ValueVolt': 14.620648345277138, 'ValueCurr': 19.967443228977366}",2022-07-19,16:08:07.682396,,,,,
66,,2022-07-19,16:08:07.784939,,24.99533119101074,,,
67,,2022-07-19,16:08:07.793159,50.0,,,,
68,,2022-07-19,16:08:08.094051,,24.99533119101074,,,
69,,2022-07-19,16:08:08.194288,,,4.500567985054089,,
70,,2022-07-19,16:08:08.203790,,,,OFF,
71,,2022-07-19,16:08:08.402984,,,4.500567985054089,,
72,,2022-07-19,16:08:08.604099,,,,,OFF
73,PP,2022-07-19,16:08:10.074861,,,,,
74,"{'ValueVolt': 14.901410391633936, 'ValueCurr': 19.919265546674996}",2022-07-19,16:08:22.658961,,,,,
75,,2022-07-19,16:08:22.836861,,24.73141888751997,,,
76,,2022-07-19,16:08:22.846567,50.0,,,,
77,,2022-07-19,16:08:23.140415,,24.73141888751997,,,
78,,2022-07-19,16:08:23.157533,,,4.959090292334565,,
79,,2022-07-19,16:08:23.348811,,,,OFF,
80,,2022-07-19,16:08:23.357326,,,4.959090292334565,,
81,"{'ValueVolt': 14.721189422973122, 'ValueCurr': 19.993410600071872}",2022-07-19,16:11:27.621652,,,,,
82,,2022-07-19,16:11:27.761605,50.0,,,,
83,,2022-07-19,16:11:27.922464,,25.11172752835621,,,
84,,2022-07-19,16:11:28.131102,,,4.8794973971521305,,
85,,2022-07-19,16:11:28.138483,,25.11172752835621,,,
86,,2022-07-19,16:11:28.340258,,,,ON,
87,,2022-07-19,16:11:28.350090,,,4.8794973971521305,,
88,,2022-07-19,16:11:28.506140,,,,,OFF
89,PP,2022-07-19,16:11:30.220196,,,,,
90,"{'ValueVolt': 15.030085178785011, 'ValueCurr': 19.943937400352656}",2022-07-19,16:11:42.628461,,,,,
91,,2022-07-19,16:11:42.678040,50.0,,,,
92,,2022-07-19,16:11:42.794091,,24.125374149636915,,,
93,,2022-07-19,16:11:42.971156,,24.125374149636915,,,
94,,2022-07-19,16:11:43.093677,,,5.672018527376519,,
95,,2022-07-19,16:11:43.169289,,,,OFF,
96,,2022-07-19,16:11:43.306959,,,5.672018527376519,,
97,,2022-07-19,16:11:43.530569,,,,,ON
98,PP,2022-07-19,16:11:45.375695,,,,,
99,"{'ValueVolt': 14.696590419633253, 'ValueCurr': 20.020339126334644}",2022-07-19,16:11:57.752824,,,,,
100,,2022-07-19,16:11:57.760203,50.0,,,,
101,,2022-07-19,16:11:57.926331,,24.0,,,
102,,2022-07-19,16:11:58.138802,,,4.905909687456309,,
103,,2022-07-19,16:11:58.148162,,24.0,,,
104,,2022-07-19,16:11:58.348394,,,,OFF,
105,,2022-07-19,16:11:58.357001,,,4.905909687456309,,
106,,2022-07-19,16:11:58.580572,,,,,OFF
107,PP,2022-07-19,16:12:00.629971,,,,,
108,"{'ValueVolt': 14.47505158174864, 'ValueCurr': 19.94037271264338}",2022-07-19,16:12:12.661963,,,,,
109,,2022-07-19,16:12:12.678832,59.81175644364636,,,,
110,,2022-07-19,16:12:12.793952,,24.960024326818573,,,
111,,2022-07-19,16:12:12.970402,,24.960024326818573,,,
112,,2022-07-19,16:12:13.088703,,,4.559137128291591,,
113,,2022-07-19,16:12:13.168964,,,,OFF,
114,,2022-07-19,16:12:13.263933,,,4.559137128291591,,
115,,2022-07-19,16:12:13.467020,,,,,OFF
116,PP,2022-07-19,16:12:15.578699,,,,,
117,,2022-07-19,16:12:27.679182,60.0,,,,
118,"{'ValueVolt': 15.041562201022167, 'ValueCurr': 19.991285261532465}",2022-07-19,16:12:27.688063,,,,,
119,,2022-07-19,16:12:27.792852,,25.8988944935796,,,
120,,2022-07-19,16:12:27.969648,,25.8988944935796,,,
121,,2022-07-19,16:12:28.089040,,,4.7185469249687175,,
122,,2022-07-19,16:12:28.173024,,,,ON,
123,,2022-07-19,16:12:28.272246,,,4.7185469249687175,,
124,,2022-07-19,16:12:28.468639,,,,,OFF
125,PP,2022-07-19,16:12:30.668185,,,,,
126,,2022-07-19,16:12:42.715067,53.77461749668858,,,,
127,"{'ValueVolt': 14.662006774760021, 'ValueCurr': 20.000006868148972}",2022-07-19,16:12:42.722462,,,,,
128,,2022-07-19,16:12:42.817316,,25.544606123592985,,,
129,,2022-07-19,16:12:43.022041,,25.544606123592985,,,
130,,2022-07-19,16:12:43.131762,,,4.447539278426521,,
131,,2022-07-19,16:12:43.226936,,,,ON,
132,,2022-07-19,16:12:43.329404,,,4.447539278426521,,
133,,2022-07-19,16:12:43.534161,,,,,OFF
134,PP,2022-07-19,16:12:45.581998,,,,,
135,,2022-07-19,16:12:57.675483,50.27390829705436,,,,
136,"{'ValueVolt': 15.044922434475673, 'ValueCurr': 19.996727552488768}",2022-07-19,16:12:57.721827,,,,,
137,,2022-07-19,16:12:57.792841,,26.0,,,
138,,2022-07-19,16:12:57.970192,,26.0,,,
139,,2022-07-19,16:12:58.088729,,,4.478671744862788,,
140,,2022-07-19,16:12:58.171406,,,,ON,
141,,2022-07-19,16:12:58.262816,,,4.478671744862788,,
142,,2022-07-19,16:12:58.469798,,,,,OFF
143,PP,2022-07-19,16:13:00.863699,,,,,
144,,2022-07-19,16:13:12.685342,50.0,,,,
145,"{'ValueVolt': 14.90106251584999, 'ValueCurr': 19.940258305296013}",2022-07-19,16:13:12.740094,,,,,
146,,2022-07-19,16:13:12.790854,,26.0,,,
147,,2022-07-19,16:13:12.970407,,26.0,,,
148,,2022-07-19,16:13:13.096751,,,4.0,,
149,,2022-07-19,16:13:13.172989,,,,ON,
150,,2022-07-19,16:13:13.268302,,,4.0,,
151,,2022-07-19,16:13:13.472411,,,,,OFF
152,PP,2022-07-19,16:13:15.948737,,,,,
153,,2022-07-19,16:13:27.768323,50.0,,,,
154,"{'ValueVolt': 15.126880300525523, 'ValueCurr': 20.042162256268107}",2022-07-19,16:13:27.775726,,,,,
155,,2022-07-19,16:13:27.791988,,26.0,,,
156,,2022-07-19,16:13:28.001166,,26.0,,,
157,,2022-07-19,16:13:28.183528,,,4.0,,
158,,2022-07-19,16:13:28.194364,,,,ON,
159,,2022-07-19,16:13:28.481414,,,4.0,,
160,,2022-07-19,16:13:28.686115,,,,,OFF
161,PF,2022-07-19,16:13:31.147638,,,,,
162,,2022-07-19,16:13:42.718273,50.0,,,,
163,"{'ValueVolt': 15.111163045257078, 'ValueCurr': 20.031385498958194}",2022-07-19,16:13:42.820587,,,,,
164,,2022-07-19,16:13:42.829312,,26.0,,,
165,,2022-07-19,16:13:43.025387,,26.0,,,
166,,2022-07-19,16:13:43.124071,,,4.0,,
167,,2022-07-19,16:13:43.231607,,,,ON,
168,,2022-07-19,16:13:43.303210,,,4.0,,
169,,2022-07-19,16:13:43.541160,,,,,OFF
170,PP,2022-07-19,16:13:45.995248,,,,,
171,,2022-07-19,16:13:57.770151,51.60481150060261,,,,
172,,2022-07-19,16:13:57.922111,,26.0,,,
173,"{'ValueVolt': 14.987535673160638, 'ValueCurr': 20.041623994865294}",2022-07-19,16:13:57.929511,,,,,
174,,2022-07-19,16:13:58.089035,,,4.0,,
175,,2022-07-19,16:13:58.101012,,26.0,,,
176,,2022-07-19,16:13:58.302211,,,4.0,,
177,,2022-07-19,16:13:58.482870,,,,ON,
178,,2022-07-19,16:13:58.492577,,,,,OFF
179,PP,2022-07-19,16:14:01.187703,,,,,
180,,2022-07-19,16:14:12.690817,60.0,,,,
181,,2022-07-19,16:14:12.822272,,25.37139533601313,,,
182,"{'ValueVolt': 15.049535001006761, 'ValueCurr': 19.97725546787533}",2022-07-19,16:14:12.831412,,,,,
183,,2022-07-19,16:14:13.129072,,25.37139533601313,,,
184,,2022-07-19,16:14:13.136462,,,4.0,,
185,,2022-07-19,16:14:13.200222,,,,ON,
186,,2022-07-19,16:14:13.334404,,,4.0,,
187,,2022-07-19,16:14:13.507966,,,,,OFF
188,PP,2022-07-19,16:14:16.238917,,,,,
189,,2022-07-19,16:14:27.679845,50.27236281728345,,,,
190,,2022-07-19,16:14:27.792779,,26.0,,,
191,"{'ValueVolt': 15.280273853616078, 'ValueCurr': 20.036046132181728}",2022-07-19,16:14:27.842974,,,,,
192,,2022-07-19,16:14:27.975252,,26.0,,,
193,,2022-07-19,16:14:28.088722,,,4.0,,
194,,2022-07-19,16:14:28.168825,,,,ON,
195,,2022-07-19,16:14:28.267098,,,4.0,,
196,,2022-07-19,16:14:28.467596,,,,,OFF
197,PP,2022-07-19,16:14:31.314160,,,,,
198,,2022-07-19,16:14:42.700454,50.0,,,,
199,,2022-07-19,16:14:42.894000,,26.0,,,
200,"{'ValueVolt': 14.67088655792449, 'ValueCurr': 19.944913981404987}",2022-07-19,16:14:42.903094,,,,,
201,,2022-07-19,16:14:43.103221,,26.0,,,
202,,2022-07-19,16:14:43.112321,,,4.0,,
203,,2022-07-19,16:14:43.270088,,,,ON,
204,,2022-07-19,16:14:43.312394,,,4.0,,
205,,2022-07-19,16:14:43.524892,,,,,OFF
206,PP,2022-07-19,16:14:46.405990,,,,,
207,,2022-07-19,16:14:57.676997,50.0,,,,
208,,2022-07-19,16:14:57.798770,,26.0,,,
209,"{'ValueVolt': 15.152109775728318, 'ValueCurr': 19.97889880976378}",2022-07-19,16:14:57.887064,,,,,
210,,2022-07-19,16:14:57.976657,,26.0,,,
211,,2022-07-19,16:14:58.092583,,,4.0,,
212,,2022-07-19,16:14:58.175103,,,,ON,
213,,2022-07-19,16:14:58.267390,,,4.0,,
214,,2022-07-19,16:14:58.468282,,,,,OFF
215,FP,2022-07-19,16:15:01.512956,,,,,
216,,2022-07-19,16:15:12.722975,50.0,,,,
217,,2022-07-19,16:15:12.835005,,26.0,,,
218,"{'ValueVolt': 15.619269100314504, 'ValueCurr': 20.034339482555772}",2022-07-19,16:15:13.037087,,,,,
219,,2022-07-19,16:15:13.044529,,26.0,,,
220,,2022-07-19,16:15:13.136511,,,4.0,,
221,,2022-07-19,16:15:13.249295,,,,ON,
222,,2022-07-19,16:15:13.445147,,,4.0,,
223,,2022-07-19,16:15:13.552497,,,,,OFF
224,FP,2022-07-19,16:15:16.603489,,,,,
225,,2022-07-19,16:15:27.679470,50.0,,,,
226,,2022-07-19,16:15:27.792945,,25.92758219083676,,,
227,"{'ValueVolt': 14.837523973510901, 'ValueCurr': 20.034444600850904}",2022-07-19,16:15:27.928050,,,,,
228,,2022-07-19,16:15:27.971557,,25.92758219083676,,,
229,,2022-07-19,16:15:28.089082,,,4.0,,
230,,2022-07-19,16:15:28.169717,,,,ON,
231,,2022-07-19,16:15:28.268135,,,4.0,,
232,,2022-07-19,16:15:28.467509,,,,,OFF
233,PP,2022-07-19,16:15:31.489015,,,,,
234,,2022-07-19,16:15:42.748117,57.30627293308841,,,,
235,,2022-07-19,16:15:42.850695,,24.98985058368717,,,
236,"{'ValueVolt': 15.412872630308174, 'ValueCurr': 20.04107579058897}",2022-07-19,16:15:43.051567,,,,,
237,,2022-07-19,16:15:43.060607,,24.98985058368717,,,
238,,2022-07-19,16:15:43.162238,,,4.451671628072232,,
239,,2022-07-19,16:15:43.264243,,,,OFF,
240,,2022-07-19,16:15:43.468822,,,4.451671628072232,,
241,,2022-07-19,16:15:43.568202,,,,,OFF
242,FP,2022-07-19,16:15:46.795389,,,,,
243,,2022-07-19,16:15:57.817183,55.38918990501607,,,,
244,,2022-07-19,16:15:57.824586,,25.884537969120977,,,
245,"{'ValueVolt': 14.703738107773537, 'ValueCurr': 19.96127577946803}",2022-07-19,16:15:58.029282,,,,,
246,,2022-07-19,16:15:58.035552,,25.884537969120977,,,
247,,2022-07-19,16:15:58.135729,,,4.246547227813612,,
248,,2022-07-19,16:15:58.195642,,,,ON,
249,,2022-07-19,16:15:58.312060,,,4.246547227813612,,
250,,2022-07-19,16:15:58.610853,,,,,OFF
251,PP,2022-07-19,16:16:01.880979,,,,,
252,,2022-07-19,16:16:12.679293,50.0,,,,
253,,2022-07-19,16:16:12.792952,,25.658662336712784,,,
254,,2022-07-19,16:16:12.967052,,25.658662336712784,,,
255,"{'ValueVolt': 14.673841768378027, 'ValueCurr': 20.057736960965556}",2022-07-19,16:16:12.993234,,,,,
256,,2022-07-19,16:16:13.093507,,,4.4490042792420015,,
257,,2022-07-19,16:16:13.169260,,,,ON,
258,,2022-07-19,16:16:13.268080,,,4.4490042792420015,,
259,,2022-07-19,16:16:13.469106,,,,,OFF
260,PP,2022-07-19,16:16:16.879003,,,,,
261,"{'ValueVolt': 14.862564687753906, 'ValueCurr': 19.92981758704131}",2022-07-19,16:22:12.124523,,,,,
262,,2022-07-19,16:22:12.132037,50.0,,,,
263,,2022-07-19,16:22:12.386682,,25.319475987882576,,,
264,,2022-07-19,16:22:12.596050,,,6.0,,
265,,2022-07-19,16:22:12.603536,,25.319475987882576,,,
266,,2022-07-19,16:22:12.805015,,,,ON,
267,,2022-07-19,16:22:12.815838,,,6.0,,
268,,2022-07-19,16:22:13.046334,,,,,ON
269,FP,2022-07-19,16:22:14.582851,,,,,
270,,2022-07-19,16:22:27.164593,50.0,,,,
271,"{'ValueVolt': 15.006767750068569, 'ValueCurr': 20.01997755459942}",2022-07-19,16:22:27.173186,,,,,
272,,2022-07-19,16:22:27.384894,,26.0,,,
273,,2022-07-19,16:22:27.589475,,,6.0,,
274,,2022-07-19,16:22:27.596865,,26.0,,,
275,,2022-07-19,16:22:27.794436,,,,ON,
276,,2022-07-19,16:22:27.804086,,,6.0,,
277,,2022-07-19,16:22:28.002718,,,,,ON
278,PP,2022-07-19,16:22:29.637647,,,,,
279,,2022-07-19,16:22:42.136601,50.0,,,,
280,"{'ValueVolt': 14.637476932995032, 'ValueCurr': 20.008393470820355}",2022-07-19,16:22:42.145193,,,,,
281,,2022-07-19,16:22:42.382842,,26.0,,,
282,,2022-07-19,16:22:42.591638,,,5.174008119567987,,
283,,2022-07-19,16:22:42.601275,,26.0,,,
284,,2022-07-19,16:22:42.800881,,,,ON,
285,,2022-07-19,16:22:42.810594,,,5.174008119567987,,
286,,2022-07-19,16:22:43.057579,,,,,ON
287,PP,2022-07-19,16:22:44.999404,,,,,
288,,2022-07-19,16:22:57.081193,50.0,,,,
289,"{'ValueVolt': 14.641543622256428, 'ValueCurr': 20.068604011451377}",2022-07-19,16:22:57.171370,,,,,
290,,2022-07-19,16:22:57.390107,,26.0,,,
291,,2022-07-19,16:22:57.597156,,,4.605271001258269,,
292,,2022-07-19,16:22:57.606861,,26.0,,,
293,,2022-07-19,16:22:57.801758,,,,ON,
294,,2022-07-19,16:22:57.809136,,,4.605271001258269,,
295,,2022-07-19,16:22:58.008399,,,,,OFF
296,FP,2022-07-19,16:22:59.632711,,,,,
297,,2022-07-19,16:23:12.139279,59.680909177022855,,,,
298,"{'ValueVolt': 14.549299337422545, 'ValueCurr': 19.992424485616624}",2022-07-19,16:23:12.146812,,,,,
299,,2022-07-19,16:23:12.345850,,26.0,,,
300,,2022-07-19,16:23:12.655619,,26.0,,,
301,,2022-07-19,16:23:12.665492,,,4.0,,
302,,2022-07-19,16:23:12.856093,,,,ON,
303,,2022-07-19,16:23:12.876157,,,4.0,,
304,,2022-07-19,16:23:13.064432,,,,,OFF
305,PP,2022-07-19,16:23:15.109392,,,,,
306,,2022-07-19,16:23:27.164520,59.01539287051256,,,,
307,"{'ValueVolt': 15.641451222752824, 'ValueCurr': 20.043002352336575}",2022-07-19,16:23:27.174634,,,,,
308,,2022-07-19,16:23:27.386543,,26.0,,,
309,,2022-07-19,16:23:27.595746,,,4.0,,
310,,2022-07-19,16:23:27.605571,,26.0,,,
311,,2022-07-19,16:23:27.808263,,,,ON,
312,,2022-07-19,16:23:27.818135,,,4.0,,
313,,2022-07-19,16:23:28.012962,,,,,OFF
314,FP,2022-07-19,16:23:30.266594,,,,,
315,,2022-07-19,16:23:42.146551,60.0,,,,
316,"{'ValueVolt': 15.249610116835903, 'ValueCurr': 20.007324962308623}",2022-07-19,16:23:42.386527,,,,,
317,,2022-07-19,16:23:42.393902,,26.0,,,
318,,2022-07-19,16:23:42.595739,,,4.9960890375465965,,
319,,2022-07-19,16:23:42.605565,,26.0,,,
320,,2022-07-19,16:23:42.802923,,,,ON,
321,,2022-07-19,16:23:42.812835,,,4.9960890375465965,,
322,,2022-07-19,16:23:43.072265,,,,,OFF
323,PP,2022-07-19,16:23:45.218902,,,,,
324,,2022-07-19,16:23:57.168386,60.0,,,,
325,"{'ValueVolt': 15.101599782690949, 'ValueCurr': 20.072221292908385}",2022-07-19,16:23:57.267777,,,,,
326,,2022-07-19,16:23:57.391017,,25.139293135266296,,,
327,,2022-07-19,16:23:57.599439,,,4.07041708738223,,
328,,2022-07-19,16:23:57.609344,,25.139293135266296,,,
329,,2022-07-19,16:23:57.812022,,,,ON,
330,,2022-07-19,16:23:57.821860,,,4.07041708738223,,
331,,2022-07-19,16:23:58.023453,,,,,OFF
332,PP,2022-07-19,16:23:59.960405,,,,,
333,,2022-07-19,16:24:12.069974,60.0,,,,
334,"{'ValueVolt': 15.084886026222655, 'ValueCurr': 19.995238672875644}",2022-07-19,16:24:12.234082,,,,,
335,,2022-07-19,16:24:12.332513,,26.0,,,
336,,2022-07-19,16:24:12.506951,,26.0,,,
337,,2022-07-19,16:24:12.554757,,,4.0,,
338,,2022-07-19,16:24:12.708449,,,,ON,
339,,2022-07-19,16:24:12.732300,,,4.0,,
340,,2022-07-19,16:24:12.931764,,,,,OFF
341,PP,2022-07-19,16:24:15.469930,,,,,
342,,2022-07-19,16:25:51.679945,60.0,,,,
343,"{'ValueVolt': 15.395129175629423, 'ValueCurr': 20.0481517533169}",2022-07-19,16:25:51.691348,,,,,
344,,2022-07-19,16:25:51.781641,,25.51897932716055,,,
345,,2022-07-19,16:25:52.095887,,25.51897932716055,,,
346,,2022-07-19,16:25:52.108160,,,5.408387385272755,,
347,,2022-07-19,16:25:52.191716,,,,ON,
348,,2022-07-19,16:25:52.290197,,,5.408387385272755,,
349,,2022-07-19,16:25:52.498245,,,,,ON
350,FP,2022-07-19,16:25:54.242664,,,,,
351,,2022-07-19,16:26:06.604918,60.0,,,,
352,"{'ValueVolt': 14.8227953652743, 'ValueCurr': 19.98216985578581}",2022-07-19,16:26:06.665580,,,,,
353,,2022-07-19,16:26:06.697961,,25.777813153901185,,,
354,,2022-07-19,16:26:06.870866,,25.777813153901185,,,
355,,2022-07-19,16:26:07.075999,,,,ON,
356,,2022-07-19,16:26:07.109063,,,6.0,,
357,,2022-07-19,16:26:07.285067,,,6.0,,
358,,2022-07-19,16:26:07.487437,,,,,ON
359,PF,2022-07-19,16:26:09.199691,,,,,
360,,2022-07-19,16:26:21.784223,58.06490193516968,,,,
361,"{'ValueVolt': 15.48240645976976, 'ValueCurr': 19.98938113261495}",2022-07-19,16:26:21.794294,,,,,
362,,2022-07-19,16:26:21.803667,,25.83868308924284,,,
363,,2022-07-19,16:26:22.092432,,25.83868308924284,,,
364,,2022-07-19,16:26:22.107004,,,5.21464674198008,,
365,,2022-07-19,16:26:22.162001,,,,ON,
366,,2022-07-19,16:26:22.298794,,,5.21464674198008,,
367,,2022-07-19,16:26:22.506509,,,,,ON
368,PP,2022-07-19,16:26:24.292724,,,,,
369,,2022-07-19,16:26:36.636096,60.0,,,,
370,,2022-07-19,16:26:36.740569,,26.0,,,
371,"{'ValueVolt': 15.033317863698066, 'ValueCurr': 19.995374963756298}",2022-07-19,16:26:36.751139,,,,,
372,,2022-07-19,16:26:36.942311,,26.0,,,
373,,2022-07-19,16:26:37.155632,,,4.266480750705964,,
374,,2022-07-19,16:26:37.167981,,,,ON,
375,,2022-07-19,16:26:37.357668,,,4.266480750705964,,
376,,2022-07-19,16:26:37.555490,,,,,OFF
377,PP,2022-07-19,16:26:39.376963,,,,,
378,,2022-07-19,16:26:51.686469,60.0,,,,
379,,2022-07-19,16:26:51.702179,,26.0,,,
380,"{'ValueVolt': 15.124667618239036, 'ValueCurr': 20.005196699274588}",2022-07-19,16:26:51.762025,,,,,
381,,2022-07-19,16:26:51.914896,,26.0,,,
382,,2022-07-19,16:26:52.197523,,,,ON,
383,,2022-07-19,16:26:52.210568,,,4.993799634373342,,
384,,2022-07-19,16:26:52.403869,,,4.993799634373342,,
385,,2022-07-19,16:26:52.607179,,,,,OFF
386,PP,2022-07-19,16:26:54.860048,,,,,
387,,2022-07-19,16:27:06.645539,50.0083066281165,,,,
388,,2022-07-19,16:27:06.748618,,25.510979778870063,,,
389,"{'ValueVolt': 15.030010444725812, 'ValueCurr': 20.016918837068182}",2022-07-19,16:27:06.759082,,,,,
390,,2022-07-19,16:27:07.041090,,25.510979778870063,,,
391,,2022-07-19,16:27:07.160276,,,5.119159024308052,,
392,,2022-07-19,16:27:07.171504,,,,ON,
393,,2022-07-19,16:27:07.369166,,,5.119159024308052,,
394,,2022-07-19,16:27:07.660850,,,,,ON
395,FP,2022-07-19,16:27:10.322568,,,,,
396,,2022-07-19,16:27:21.795463,59.79360677006464,,,,
397,,2022-07-19,16:27:21.805773,,25.818688975430508,,,
398,"{'ValueVolt': 15.119076066017719, 'ValueCurr': 19.96498614257488}",2022-07-19,16:27:21.815831,,,,,
399,,2022-07-19,16:27:22.098182,,25.818688975430508,,,
400,,2022-07-19,16:27:22.201472,,,5.091130886595437,,
401,,2022-07-19,16:27:22.209762,,,,ON,
402,,2022-07-19,16:27:22.409658,,,5.091130886595437,,
403,,2022-07-19,16:27:22.701229,,,,,ON
404,PP,2022-07-19,16:27:25.277668,,,,,
405,,2022-07-19,16:27:36.741404,60.0,,,,
406,,2022-07-19,16:27:36.751866,,26.0,,,
407,"{'ValueVolt': 14.853644081018397, 'ValueCurr': 20.032176291946207}",2022-07-19,16:27:36.858311,,,,,
408,,2022-07-19,16:27:37.048770,,26.0,,,
409,,2022-07-19,16:27:37.954957,,,4.392862800339897,,
410,,2022-07-19,16:27:37.962646,,,,ON,
411,,2022-07-19,16:27:37.969706,,,4.392862800339897,,
412,,2022-07-19,16:27:38.175147,,,,,OFF
413,PF,2022-07-19,16:27:40.530456,,,,,
414,"{'ValueVolt': 14.630373690722053, 'ValueCurr': 19.978115525534886}",2022-07-19,16:30:43.631173,,,,,
415,,2022-07-19,16:30:43.650997,53.23090172773703,,,,
416,,2022-07-19,16:30:43.897501,,24.3282601922309,,,
417,,2022-07-19,16:30:44.194818,,24.3282601922309,,,
418,,2022-07-19,16:30:44.280190,,,6.0,,
419,,2022-07-19,16:30:44.289712,,,,OFF,
420,,2022-07-19,16:30:44.496505,,,6.0,,
421,,2022-07-19,16:30:44.660720,,,,,ON
422,PP,2022-07-19,16:30:45.962210,,,,,
423,"{'ValueVolt': 14.629903470886267, 'ValueCurr': 19.94320501175903}",2022-07-19,16:30:58.594715,,,,,
424,,2022-07-19,16:30:58.682235,60.0,,,,
425,,2022-07-19,16:30:58.886581,,24.730276897039403,,,
426,,2022-07-19,16:30:59.091337,,24.730276897039403,,,
427,,2022-07-19,16:30:59.297056,,,6.0,,
428,,2022-07-19,16:30:59.308112,,,,OFF,
429,,2022-07-19,16:30:59.500904,,,6.0,,
430,,2022-07-19,16:30:59.705725,,,,,ON
431,PP,2022-07-19,16:31:01.273441,,,,,
432,"{'ValueVolt': 14.804421711052068, 'ValueCurr': 19.969874449417304}",2022-07-19,16:31:13.618918,,,,,
433,,2022-07-19,16:31:13.689847,53.59087377455295,,,,
434,,2022-07-19,16:31:13.940368,,24.02138250429445,,,
435,,2022-07-19,16:31:14.252066,,24.02138250429445,,,
436,,2022-07-19,16:31:14.261790,,,6.0,,
437,,2022-07-19,16:31:14.385726,,,,OFF,
438,,2022-07-19,16:31:14.656844,,,6.0,,
439,,2022-07-19,16:31:14.664702,,,,,ON
440,FF,2022-07-19,16:31:16.160067,,,,,
441,"{'ValueVolt': 15.105952878571133, 'ValueCurr': 20.016125601755103}",2022-07-19,16:31:28.686412,,,,,
442,,2022-07-19,16:31:28.693792,60.0,,,,
443,,2022-07-19,16:31:28.892120,,24.60182313212834,,,
444,,2022-07-19,16:31:29.091379,,24.60182313212834,,,
445,,2022-07-19,16:31:29.308643,,,6.0,,
446,,2022-07-19,16:31:29.319420,,,,OFF,
447,,2022-07-19,16:31:29.506101,,,6.0,,
448,,2022-07-19,16:31:29.710479,,,,,ON
449,PP,2022-07-19,16:31:31.234097,,,,,
450,,2022-07-19,16:31:43.690032,60.0,,,,
451,"{'ValueVolt': 15.154692293147642, 'ValueCurr': 20.01000413500754}",2022-07-19,16:31:43.697424,,,,,
452,,2022-07-19,16:31:43.945051,,25.34026910346688,,,
453,,2022-07-19,16:31:44.252686,,25.34026910346688,,,
454,,2022-07-19,16:31:44.261784,,,5.618919769535783,,
455,,2022-07-19,16:31:44.457133,,,,ON,
456,,2022-07-19,16:31:44.464503,,,5.618919769535783,,
457,,2022-07-19,16:31:44.662001,,,,,ON
458,PP,2022-07-19,16:31:46.473685,,,,,
459,,2022-07-19,16:31:58.651706,53.12912899209014,,,,
460,"{'ValueVolt': 14.527792661765673, 'ValueCurr': 20.0818380742258}",2022-07-19,16:31:58.707336,,,,,
461,,2022-07-19,16:31:58.863685,,24.59102089744584,,,
462,,2022-07-19,16:31:59.044161,,24.59102089744584,,,
463,,2022-07-19,16:31:59.242512,,,,OFF,
464,,2022-07-19,16:31:59.259064,,,4.723603714651103,,
465,,2022-07-19,16:31:59.435233,,,4.723603714651103,,
466,,2022-07-19,16:31:59.639742,,,,,OFF
467,PP,2022-07-19,16:32:01.604034,,,,,
468,,2022-07-19,16:32:13.690169,50.0,,,,
469,"{'ValueVolt': 15.400468626501599, 'ValueCurr': 19.992382978500686}",2022-07-19,16:32:13.783563,,,,,
470,,2022-07-19,16:32:13.950099,,23.841225276988983,,,
471,,2022-07-19,16:32:14.257495,,23.841225276988983,,,
472,,2022-07-19,16:32:14.266177,,,4.352010162112281,,
473,,2022-07-19,16:32:14.360838,,,,OFF,
474,,2022-07-19,16:32:14.462225,,,4.352010162112281,,
475,,2022-07-19,16:32:14.904099,,,,,OFF
476,PP,2022-07-19,16:32:16.818712,,,,,
477,,2022-07-19,16:32:28.647444,50.0,,,,
478,"{'ValueVolt': 15.140790073330692, 'ValueCurr': 20.006809368394666}",2022-07-19,16:32:28.737331,,,,,
479,,2022-07-19,16:32:28.859664,,23.25807909152168,,,
480,,2022-07-19,16:32:29.039911,,23.25807909152168,,,
481,,2022-07-19,16:32:29.238076,,,,OFF,
482,,2022-07-19,16:32:29.258990,,,4.0,,
483,,2022-07-19,16:32:29.435224,,,4.0,,
484,,2022-07-19,16:32:29.637382,,,,,OFF
485,PP,2022-07-19,16:32:31.809018,,,,,
486,,2022-07-19,16:32:43.648898,52.76026259441252,,,,
487,"{'ValueVolt': 15.317938334748046, 'ValueCurr': 19.991387216254424}",2022-07-19,16:32:43.776158,,,,,
488,,2022-07-19,16:32:43.862693,,23.0,,,
489,,2022-07-19,16:32:44.043099,,23.0,,,
490,,2022-07-19,16:32:44.242149,,,,OFF,
491,,2022-07-19,16:32:44.257748,,,4.0,,
492,,2022-07-19,16:32:44.435507,,,4.0,,
493,,2022-07-19,16:32:44.637384,,,,,OFF
494,FP,2022-07-19,16:32:46.681578,,,,,
495,,2022-07-19,16:32:58.697320,50.0,,,,
496,"{'ValueVolt': 14.944114941849477, 'ValueCurr': 20.054151984466646}",2022-07-19,16:32:58.909661,,,,,
497,,2022-07-19,16:32:58.921771,,23.010209892359786,,,
498,,2022-07-19,16:32:59.127038,,23.010209892359786,,,
499,,2022-07-19,16:32:59.505872,,,4.980157307320882,,
500,,2022-07-19,16:32:59.517085,,,,OFF,
501,,2022-07-19,16:32:59.714699,,,4.980157307320882,,
502,,2022-07-19,16:32:59.934279,,,,,OFF
503,PP,2022-07-19,16:33:02.056802,,,,,
504,,2022-07-19,16:33:13.686627,56.701163580618825,,,,
505,"{'ValueVolt': 14.76227399496679, 'ValueCurr': 20.065420612745154}",2022-07-19,16:33:13.807257,,,,,
506,,2022-07-19,16:33:13.862059,,23.59612013978889,,,
507,,2022-07-19,16:33:14.040591,,23.59612013978889,,,
508,,2022-07-19,16:33:14.243175,,,,OFF,
509,,2022-07-19,16:33:14.260373,,,5.370999016738018,,
510,,2022-07-19,16:33:14.435766,,,5.370999016738018,,
511,,2022-07-19,16:33:14.638782,,,,,ON
512,PP,2022-07-19,16:33:16.822561,,,,,
513,,2022-07-19,16:33:28.660959,50.0,,,,
514,"{'ValueVolt': 15.008480402066075, 'ValueCurr': 19.958938381592954}",2022-07-19,16:33:28.911893,,,,,
515,,2022-07-19,16:33:28.919928,,23.972391623240927,,,
516,,2022-07-19,16:33:29.102590,,23.972391623240927,,,
517,,2022-07-19,16:33:29.321496,,,5.739352943547529,,
518,,2022-07-19,16:33:29.333437,,,,OFF,
519,,2022-07-19,16:33:29.497902,,,5.739352943547529,,
520,,2022-07-19,16:33:29.731094,,,,,ON
521,PP,2022-07-19,16:33:32.112822,,,,,
522,,2022-07-19,16:33:43.650176,50.0,,,,
523,"{'ValueVolt': 15.139323844608889, 'ValueCurr': 20.059177826918003}",2022-07-19,16:33:43.863191,,,,,
524,,2022-07-19,16:33:43.870595,,24.593411947839527,,,
525,,2022-07-19,16:33:44.068082,,24.593411947839527,,,
526,,2022-07-19,16:33:44.272668,,,,OFF,
527,,2022-07-19,16:33:44.281160,,,6.0,,
528,,2022-07-19,16:33:44.484753,,,6.0,,
529,,2022-07-19,16:33:44.681869,,,,,ON
530,FP,2022-07-19,16:33:47.208551,,,,,
531,,2022-07-19,16:33:58.690182,50.0,,,,
532,,2022-07-19,16:33:58.863058,,25.27987993674389,,,
533,"{'ValueVolt': 15.303149715796051, 'ValueCurr': 19.967523327185237}",2022-07-19,16:33:58.871044,,,,,
534,,2022-07-19,16:33:59.041087,,25.27987993674389,,,
535,,2022-07-19,16:33:59.244145,,,,ON,
536,,2022-07-19,16:33:59.257962,,,6.0,,
537,,2022-07-19,16:33:59.433292,,,6.0,,
538,,2022-07-19,16:33:59.746695,,,,,ON
539,PP,2022-07-19,16:34:02.083413,,,,,
540,,2022-07-19,16:34:13.690104,50.0,,,,
541,,2022-07-19,16:34:13.978180,,25.899269988997258,,,
542,"{'ValueVolt': 14.994503179760466, 'ValueCurr': 19.964505132300683}",2022-07-19,16:34:13.989780,,,,,
543,,2022-07-19,16:34:14.277959,,25.899269988997258,,,
544,,2022-07-19,16:34:14.287653,,,6.0,,
545,,2022-07-19,16:34:14.483258,,,,ON,
546,,2022-07-19,16:34:14.494527,,,6.0,,
547,,2022-07-19,16:34:14.790320,,,,,ON
548,PP,2022-07-19,16:34:17.174196,,,,,
549,,2022-07-19,16:34:28.694966,50.0,,,,
550,,2022-07-19,16:34:28.922155,,25.38142083494461,,,
551,"{'ValueVolt': 14.772642984666563, 'ValueCurr': 19.99270564000727}",2022-07-19,16:34:28.933680,,,,,
552,,2022-07-19,16:34:29.103157,,25.38142083494461,,,
553,,2022-07-19,16:34:29.311654,,,5.382682360880102,,
554,,2022-07-19,16:34:29.323367,,,,ON,
555,,2022-07-19,16:34:29.520679,,,5.382682360880102,,
556,,2022-07-19,16:34:29.742075,,,,,ON
557,PP,2022-07-19,16:34:32.405749,,,,,
558,,2022-07-19,16:34:43.693192,54.20708099369226,,,,
559,,2022-07-19,16:34:43.987602,,25.28151375287605,,,
560,"{'ValueVolt': 14.65517442818839, 'ValueCurr': 20.025292604498915}",2022-07-19,16:34:43.995302,,,,,
561,,2022-07-19,16:34:44.208908,,25.28151375287605,,,
562,,2022-07-19,16:34:44.491740,,,6.0,,
563,,2022-07-19,16:34:44.502984,,,,ON,
564,,2022-07-19,16:34:44.796143,,,6.0,,
565,,2022-07-19,16:34:44.871571,,,,,ON
566,PF,2022-07-19,16:34:47.297815,,,,,
567,,2022-07-19,16:34:58.679019,50.0,,,,
568,,2022-07-19,16:34:58.927236,,25.787669054318528,,,
569,"{'ValueVolt': 15.026604895272508, 'ValueCurr': 20.032338178338055}",2022-07-19,16:34:59.125199,,,,,
570,,2022-07-19,16:34:59.136424,,25.787669054318528,,,
571,,2022-07-19,16:34:59.337229,,,5.01964905006365,,
572,,2022-07-19,16:34:59.349605,,,,ON,
573,,2022-07-19,16:34:59.551527,,,5.01964905006365,,
574,,2022-07-19,16:34:59.746726,,,,,ON
575,FP,2022-07-19,16:35:02.384509,,,,,
576,,2022-07-19,16:35:13.779881,50.0,,,,
577,,2022-07-19,16:35:13.981470,,25.113298590867128,,,
578,"{'ValueVolt': 15.082289658700725, 'ValueCurr': 19.987915946232945}",2022-07-19,16:35:13.993417,,,,,
579,,2022-07-19,16:35:14.289081,,25.113298590867128,,,
580,,2022-07-19,16:35:14.301823,,,6.0,,
581,,2022-07-19,16:35:14.363782,,,,ON,
582,,2022-07-19,16:35:14.493981,,,6.0,,
583,,2022-07-19,16:35:14.698497,,,,,ON
584,PP,2022-07-19,16:35:17.469619,,,,,
585,,2022-07-19,16:35:28.690407,59.53738925103049,,,,
586,,2022-07-19,16:35:28.933059,,25.555449247268736,,,
587,"{'ValueVolt': 15.380406786682759, 'ValueCurr': 19.984591992265052}",2022-07-19,16:35:29.035358,,,,,
588,,2022-07-19,16:35:29.137896,,25.555449247268736,,,
589,,2022-07-19,16:35:29.342328,,,6.0,,
590,,2022-07-19,16:35:29.350723,,,,ON,
591,,2022-07-19,16:35:29.550865,,,6.0,,
592,,2022-07-19,16:35:29.753509,,,,,ON
593,PP,2022-07-19,16:35:32.565520,,,,,
